{"cameraMode":{"drawMode":0,"name":"Shaded","section":"Shading Mode"},"sceneLighting":false,"audioPlay":false,"sceneViewState":{"showFog":true,"showMaterialUpdate":false,"showSkybox":true,"showFlares":true,"showImageEffects":true,"showParticleSystems":true},"in2DMode":false,"pivot":{"x":-4.540798187255859,"y":1.9179964065551758,"z":-0.10167789459228516},"rotation":{"x":-0.018724817782640458,"y":0.2245008945465088,"z":-0.004317332524806261,"w":-0.9742844700813294},"size":6.229439735412598,"orthographic":false}