{"cameraMode":{"drawMode":0,"name":"Shaded","section":"Shading Mode"},"sceneLighting":false,"audioPlay":false,"sceneViewState":{"showFog":true,"showMaterialUpdate":false,"showSkybox":true,"showFlares":true,"showImageEffects":true,"showParticleSystems":true},"in2DMode":false,"pivot":{"x":-2.5950875282287599,"y":1.2437061071395875,"z":-4.306681156158447},"rotation":{"x":-0.14767369627952577,"y":-0.5639120936393738,"z":0.10332519561052323,"w":-0.8059277534484863},"size":6.229439735412598,"orthographic":false}