{"cameraMode":{"drawMode":0,"name":"Shaded","section":"Shading Mode"},"sceneLighting":true,"audioPlay":false,"sceneViewState":{"showFog":true,"showMaterialUpdate":false,"showSkybox":true,"showFlares":true,"showImageEffects":true,"showParticleSystems":true},"in2DMode":false,"pivot":{"x":-1.7619850635528565,"y":1.3399940729141236,"z":-4.612520217895508},"rotation":{"x":-0.024591324850916864,"y":0.22154761850833894,"z":-0.005591000430285931,"w":-0.9748234152793884},"size":1.7937391996383668,"orthographic":false}