{"cameraMode":{"drawMode":0,"name":"Shaded","section":"Shading Mode"},"sceneLighting":false,"audioPlay":false,"sceneViewState":{"showFog":true,"showMaterialUpdate":false,"showSkybox":true,"showFlares":true,"showImageEffects":true,"showParticleSystems":true},"in2DMode":false,"pivot":{"x":1.7460001707077027,"y":1.2354618310928345,"z":-0.9750000238418579},"rotation":{"x":0.004781829658895731,"y":-0.027023199945688249,"z":-0.00013176027277950197,"w":-0.9996233582496643},"size":13.777985572814942,"orthographic":false}