{"cameraMode":{"drawMode":0,"name":"Shaded","section":"Shading Mode"},"sceneLighting":false,"audioPlay":false,"sceneViewState":{"showFog":true,"showMaterialUpdate":false,"showSkybox":true,"showFlares":true,"showImageEffects":true,"showParticleSystems":true},"in2DMode":false,"pivot":{"x":0.4309999942779541,"y":1.2416692972183228,"z":-4.30583381652832},"rotation":{"x":-0.031209377571940423,"y":-0.013519838452339173,"z":0.00041961969691328704,"w":-0.9994213581085205},"size":6.100764274597168,"orthographic":false}