{"cameraMode":{"drawMode":0,"name":"Shaded","section":"Shading Mode"},"sceneLighting":true,"audioPlay":false,"sceneViewState":{"showFog":true,"showMaterialUpdate":false,"showSkybox":true,"showFlares":true,"showImageEffects":true,"showParticleSystems":true},"in2DMode":false,"pivot":{"x":1.3168538808822632,"y":1.5254179239273072,"z":-7.450855255126953},"rotation":{"x":-0.08875085413455963,"y":0.13698190450668336,"z":-0.012325734831392765,"w":-0.9865127205848694},"size":0.16411881148815156,"orthographic":false}