{"cameraMode":{"drawMode":0,"name":"Shaded","section":"Shading Mode"},"sceneLighting":false,"audioPlay":false,"sceneViewState":{"showFog":true,"showMaterialUpdate":false,"showSkybox":true,"showFlares":true,"showImageEffects":true,"showParticleSystems":true},"in2DMode":false,"pivot":{"x":-1.8672587871551514,"y":10.409272193908692,"z":-11.913883209228516},"rotation":{"x":-0.024591324850916864,"y":0.22154761850833894,"z":-0.005591000430285931,"w":-0.9748234152793884},"size":56.92848587036133,"orthographic":false}