{"cameraMode":{"drawMode":0,"name":"Shaded","section":"Shading Mode"},"sceneLighting":false,"audioPlay":false,"sceneViewState":{"showFog":true,"showMaterialUpdate":false,"showSkybox":true,"showFlares":true,"showImageEffects":true,"showParticleSystems":true},"in2DMode":false,"pivot":{"x":4.749876022338867,"y":1.3115850687026978,"z":-5.062074661254883},"rotation":{"x":-0.06759338825941086,"y":-0.26753804087638857,"z":0.018816011026501657,"w":-0.9609893560409546},"size":4.084960460662842,"orthographic":false}