{"cameraMode":{"drawMode":0,"name":"Shaded","section":"Shading Mode"},"sceneLighting":true,"audioPlay":false,"sceneViewState":{"showFog":true,"showMaterialUpdate":false,"showSkybox":true,"showFlares":true,"showImageEffects":true,"showParticleSystems":true},"in2DMode":false,"pivot":{"x":1.0129055976867676,"y":0.4674879312515259,"z":-3.8291962146759035},"rotation":{"x":-0.15044967830181123,"y":0.05037323012948036,"z":-0.007677935995161533,"w":-0.9873036742210388},"size":4.084959506988525,"orthographic":false}