{"cameraMode":{"drawMode":0,"name":"Shaded","section":"Shading Mode"},"sceneLighting":false,"audioPlay":false,"sceneViewState":{"showFog":true,"showMaterialUpdate":false,"showSkybox":true,"showFlares":true,"showImageEffects":true,"showParticleSystems":true},"in2DMode":false,"pivot":{"x":-1.0484613180160523,"y":2.4456725120544435,"z":-4.458264350891113},"rotation":{"x":0.004718897398561239,"y":0.1568213254213333,"z":0.0007469732663594186,"w":-0.9876154661178589},"size":1.7937371730804444,"orthographic":false}