{"cameraMode":{"drawMode":0,"name":"Shaded","section":"Shading Mode"},"sceneLighting":true,"audioPlay":false,"sceneViewState":{"showFog":true,"showMaterialUpdate":false,"showSkybox":true,"showFlares":true,"showImageEffects":true,"showParticleSystems":true},"in2DMode":false,"pivot":{"x":2.312300682067871,"y":0.7033770680427551,"z":-7.023187637329102},"rotation":{"x":0.03793327137827873,"y":0.6902960538864136,"z":-0.036282993853092197,"w":0.7216204404830933},"size":1.8192938566207886,"orthographic":false}