{"cameraMode":{"drawMode":0,"name":"Shaded","section":"Shading Mode"},"sceneLighting":false,"audioPlay":false,"sceneViewState":{"showFog":true,"showMaterialUpdate":false,"showSkybox":true,"showFlares":true,"showImageEffects":true,"showParticleSystems":true},"in2DMode":false,"pivot":{"x":0.6950963735580444,"y":1.1076273918151856,"z":-4.303698539733887},"rotation":{"x":-0.045629438012838367,"y":0.15665604174137116,"z":-0.00724797323346138,"w":-0.9865720272064209},"size":6.173793315887451,"orthographic":false}