{"cameraMode":{"drawMode":0,"name":"Shaded","section":"Shading Mode"},"sceneLighting":false,"audioPlay":false,"sceneViewState":{"showFog":true,"showMaterialUpdate":false,"showSkybox":true,"showFlares":true,"showImageEffects":true,"showParticleSystems":true},"in2DMode":false,"pivot":{"x":1.6694765090942383,"y":1.4533050060272217,"z":-4.204736232757568},"rotation":{"x":-0.00571039505302906,"y":0.04495745524764061,"z":-0.00025948864640668035,"w":-0.9989725351333618},"size":1.2477084398269654,"orthographic":false}