{"cameraMode":{"drawMode":0,"name":"Shaded","section":"Shading Mode"},"sceneLighting":true,"audioPlay":false,"sceneViewState":{"showFog":true,"showMaterialUpdate":false,"showSkybox":true,"showFlares":true,"showImageEffects":true,"showParticleSystems":true},"in2DMode":false,"pivot":{"x":6.960694313049316,"y":2.0631909370422365,"z":-5.095798492431641},"rotation":{"x":-0.01209761667996645,"y":0.4451582133769989,"z":-0.006014663726091385,"w":-0.8953500390052795},"size":0.11667302995920181,"orthographic":false}